/Users/celestehollenbeck/Research/js_files2//393,   488,  https://github.com/eligrey/FileSaver.js
/Users/celestehollenbeck/Research/js_files2//616,   516,  https://github.com/mathjax/MathJax.git
/Users/celestehollenbeck/Research/js_files2//984,   765,  https://github.com/nodejitsu/node-cloudservers.git
/Users/celestehollenbeck/Research/js_files2//555,   852,  https://github.com/krisk/Fuse.git
/Users/celestehollenbeck/Research/js_files2//831,   862,  https://github.com/hootsuite/grid.git
/Users/celestehollenbeck/Research/js_files2//73,   886, https://github.com/verekia/js-stack-from-scratch
/Users/celestehollenbeck/Research/js_files2//503,   910,  https://github.com/loadfive/Knwl.js.git
/Users/celestehollenbeck/Research/js_files2//851,   931,  https://github.com/btford/write-good.git
/Users/celestehollenbeck/Research/js_files2//796,   935,  https://github.com/jdan/cleaver.git
/Users/celestehollenbeck/Research/js_files2//551,   992,  https://github.com/flatiron/director.git
/Users/celestehollenbeck/Research/js_files2//799,   1022,  https://github.com/jsbin/jsbin.git
/Users/celestehollenbeck/Research/js_files2//773,   1078,  https://github.com/jevakallio/redux-offline.git
/Users/celestehollenbeck/Research/js_files2//724,   1108,  https://github.com/node-schedule/node-schedule.git
/Users/celestehollenbeck/Research/js_files2//591,   1130,  https://github.com/you-dont-need/You-Dont-Need-Lodash-Underscore.git
/Users/celestehollenbeck/Research/js_files2//406,   1134,  https://github.com/josdejong/jsoneditor.git
/Users/celestehollenbeck/Research/js_files2//858,   1159,  https://github.com/KartikTalwar/gmail.js.git
/Users/celestehollenbeck/Research/js_files2//797,   1184,  https://github.com/blakeembrey/code-problems.git
/Users/celestehollenbeck/Research/js_files2//785,   1185, https://github.com/visionmedia/ejs.git
/Users/celestehollenbeck/Research/js_files2//689,   1192,  https://github.com/prerender/prerender
/Users/celestehollenbeck/Research/js_files2//526,   1193,  https://github.com/daniel-lundin/snabbt.js.git
/Users/celestehollenbeck/Research/js_files2//679,   1201,  https://github.com/maxogden/menubar.git
/Users/celestehollenbeck/Research/js_files2//331,   1232,  https://github.com/mailcheck/mailcheck.git
/Users/celestehollenbeck/Research/js_files2//351,   1251,  https://github.com/poteto/hiring-without-whiteboards.git
/Users/celestehollenbeck/Research/js_files2//612,   1289,  https://github.com/mafintosh/peerflix.git
/Users/celestehollenbeck/Research/js_files2//245,   1293,  https://github.com/knockout/knockout.git
/Users/celestehollenbeck/Research/js_files2//297,   1381,  https://github.com/jacomyal/sigma.js.git
/Users/celestehollenbeck/Research/js_files2//548,   1383,  https://github.com/umdjs/umd
/Users/celestehollenbeck/Research/js_files2//808,   1389,  https://github.com/dcodeIO/protobuf.js.git
/Users/celestehollenbeck/Research/js_files2//131,   1424,  https://github.com/jaredhanson/passport.git
/Users/celestehollenbeck/Research/js_files2//259,   1458, https://github.com/Matt-Esch/virtual-dom.git
/Users/celestehollenbeck/Research/js_files2//857,   1476,  https://github.com/mikeric/rivets.git
/Users/celestehollenbeck/Research/js_files2//281,   1548,  https://github.com/svg/svgo.git
/Users/celestehollenbeck/Research/js_files2//268,   1551, https://github.com/arasatasaygin/is.js
/Users/celestehollenbeck/Research/js_files2//228,   1569,  https://github.com/imakewebthings/waypoints.git
/Users/celestehollenbeck/Research/js_files2//140,   1575,  https://github.com/rubaxa/Sortable.git
/Users/celestehollenbeck/Research/js_files2//3,   1706,  https://github.com/d3/d3.git
/Users/celestehollenbeck/Research/js_files2//29,   1713,  https://github.com/blueimp/jQuery-File-Upload.git
/Users/celestehollenbeck/Research/js_files2//784,   1723,  https://github.com/guardian/scribe.git
/Users/celestehollenbeck/Research/js_files2//738,   1726,  https://github.com/shipitjs/shipit.git
/Users/celestehollenbeck/Research/js_files2//928,   1744,  https://github.com/CaryLandholt/ng-classify
/Users/celestehollenbeck/Research/js_files2//91,   1747,  https://github.com/rstacruz/nprogress.git
/Users/celestehollenbeck/Research/js_files2//412,   1798,  https://github.com/QingWei-Li/docsify.git
/Users/celestehollenbeck/Research/js_files2//418,   1821,  https://github.com/kdzwinel/betwixt.git
/Users/celestehollenbeck/Research/js_files2//223,   1826,  https://github.com/sdelements/lets-chat.git
/Users/celestehollenbeck/Research/js_files2//658,   1879,  https://github.com/adrai/flowchart.js.git
/Users/celestehollenbeck/Research/js_files2//16,   1904, https://github.com/mrdoob/three.js
/Users/celestehollenbeck/Research/js_files2//102,   2086,  https://github.com/nolimits4web/Swiper.git
/Users/celestehollenbeck/Research/js_files2//413,   2106,  https://github.com/helmetjs/helmet.git
/Users/celestehollenbeck/Research/js_files2//159,   2242,  https://github.com/Flipboard/react-canvas.git
/Users/celestehollenbeck/Research/js_files2//175,   2463,  https://github.com/marcuswestin/store.js.git
/Users/celestehollenbeck/Research/js_files2//648,   2499,  https://github.com/bespokejs/bespoke.git
/Users/celestehollenbeck/Research/js_files2//426,   2516,  https://github.com/ternjs/tern.git
/Users/celestehollenbeck/Research/js_files2//392,   2548,  https://github.com/pagekit/vue-resource.git
/Users/celestehollenbeck/Research/js_files2//620,   2559,  https://github.com/typicode/husky.git
/Users/celestehollenbeck/Research/js_files2//500,   2592,  https://github.com/showdownjs/showdown.git
/Users/celestehollenbeck/Research/js_files2//478,   2606,  https://github.com/creationix/js-git.git
/Users/celestehollenbeck/Research/js_files2//770,   2624, https://github.com/expressjs/multer
/Users/celestehollenbeck/Research/js_files2//627,   2631,  https://github.com/meanjs/mean.git
/Users/celestehollenbeck/Research/js_files2//676,   2647,  https://github.com/fantasyland/fantasy-land.git
/Users/celestehollenbeck/Research/js_files2//792,   2669,  https://github.com/andrewngu/sound-redux.git
/Users/celestehollenbeck/Research/js_files2//136,   2749,  https://github.com/Marak/Faker.js.git
/Users/celestehollenbeck/Research/js_files2//822,   2753, https://github.com/yeoman/generator-webapp
/Users/celestehollenbeck/Research/js_files2//731,   2823, https://github.com/callmecavs/bricks.js
/Users/celestehollenbeck/Research/js_files2//809,   2835,  https://github.com/dthree/vantage.git
/Users/celestehollenbeck/Research/js_files2//733,   2846,  https://github.com/erming/shout.git
/Users/celestehollenbeck/Research/js_files2//211,   2879,  https://github.com/ramda/ramda.git
/Users/celestehollenbeck/Research/js_files2//607,   2941, https://github.com/yoshuawuyts/choo
/Users/celestehollenbeck/Research/js_files2//423,   2977,  https://github.com/nolanlawson/optimize-js.git
/Users/celestehollenbeck/Research/js_files2//135,   3029,  https://github.com/wekan/wekan.git
/Users/celestehollenbeck/Research/js_files2//734,   3032,  https://github.com/peterramsing/lost.git
/Users/celestehollenbeck/Research/js_files2//251,   3035,  https://github.com/gaearon/redux-devtools.git
/Users/celestehollenbeck/Research/js_files2//756,   3156,  https://github.com/sarcadass/granim.js
/Users/celestehollenbeck/Research/js_files2//92,   3197,  https://github.com/facebook/flux
/Users/celestehollenbeck/Research/js_files2//577,   3236,  https://github.com/matthew-andrews/isomorphic-fetch.git
/Users/celestehollenbeck/Research/js_files2//250,   3260,  https://github.com/reactjs/reselect.git
/Users/celestehollenbeck/Research/js_files2//820,   3317,  https://github.com/mobz/elasticsearch-head.git
/Users/celestehollenbeck/Research/js_files2//451,   3339,  https://github.com/primus/primus.git
/Users/celestehollenbeck/Research/js_files2//106,   3370,  https://github.com/cheeriojs/cheerio.git
/Users/celestehollenbeck/Research/js_files2//171,   3430,  https://github.com/VerbalExpressions/JSVerbalExpressions.git
/Users/celestehollenbeck/Research/js_files2//349,   3500, https://github.com/mango/slideout.git
/Users/celestehollenbeck/Research/js_files2//18,   3614,  https://github.com/reactjs/redux.git
/Users/celestehollenbeck/Research/js_files2//557,   3738,  https://github.com/filamentgroup/tablesaw.git
/Users/celestehollenbeck/Research/js_files2//464,   3777,  https://github.com/WickyNilliams/enquire.js.git
/Users/celestehollenbeck/Research/js_files2//710,   3849,  https://github.com/Popmotion/popmotion
/Users/celestehollenbeck/Research/js_files2//719,   3926,  https://github.com/CSSLint/csslint.git
/Users/celestehollenbeck/Research/js_files2//517,   3937,  https://github.com/jquery/sizzle.git
/Users/celestehollenbeck/Research/js_files2//410,   3951,  https://github.com/dylang/npm-check.git
/Users/celestehollenbeck/Research/js_files2//244,   3976,  https://github.com/stylus/stylus
/Users/celestehollenbeck/Research/js_files2//659,   4043,  https://github.com/makeusabrew/bootbox.git
/Users/celestehollenbeck/Research/js_files2//70,   4045,  https://github.com/bevacqua/dragula.git
/Users/celestehollenbeck/Research/js_files2//989,   4153,  https://github.com/WebReflection/restyle.git
/Users/celestehollenbeck/Research/js_files2//697,   4213, https://github.com/primer/octicons.git
/Users/celestehollenbeck/Research/js_files2//289,   4307,  https://github.com/purifycss/purifycss.git
/Users/celestehollenbeck/Research/js_files2//217,   4307,  https://github.com/reactjs/react-redux.git
/Users/celestehollenbeck/Research/js_files2//781,   4313, https://github.com/olado/doT.git
/Users/celestehollenbeck/Research/js_files2//115,   4341,  https://github.com/jasmine/jasmine.git
/Users/celestehollenbeck/Research/js_files2//736,   4358,  https://github.com/acdlite/redux-actions.git
/Users/celestehollenbeck/Research/js_files2//740,   4367,  https://github.com/prose/prose.git
/Users/celestehollenbeck/Research/js_files2//183,   4381,  https://github.com/chenglou/react-motion.git
/Users/celestehollenbeck/Research/js_files2//670,   4397, https://github.com/balderdashy/waterline.git
/Users/celestehollenbeck/Research/js_files2//226,   4397,  https://github.com/airbnb/react-sketchapp
/Users/celestehollenbeck/Research/js_files2//422,   4432,  https://github.com/twitter/labella.js
/Users/celestehollenbeck/Research/js_files2//307,   4464,  https://github.com/gaearon/react-hot-loader.git
/Users/celestehollenbeck/Research/js_files2//108,   4578,  https://github.com/hubotio/hubot.git
/Users/celestehollenbeck/Research/js_files2//732,   4584,  https://github.com/KELiON/cerebro.git
/Users/celestehollenbeck/Research/js_files2//377,   4639,  https://github.com/taye/interact.js.git
/Users/celestehollenbeck/Research/js_files2//56,   4664, https://github.com/zenorocha/clipboard.js
/Users/celestehollenbeck/Research/js_files2//341,   4671,  https://github.com/howdyai/botkit.git
/Users/celestehollenbeck/Research/js_files2//587,   4706,  https://github.com/tbranyen/backbone-boilerplate.git
/Users/celestehollenbeck/Research/js_files2//789,   4798, https://github.com/googlechrome/sw-precache
/Users/celestehollenbeck/Research/js_files2//601,   4862,  https://github.com/chaijs/chai
/Users/celestehollenbeck/Research/js_files2//539,   4933, https://github.com/facebook/react-devtools
/Users/celestehollenbeck/Research/js_files2//825,   4993,  https://github.com/akiran/react-slick
/Users/celestehollenbeck/Research/js_files2//530,   5042, https://github.com/garbles/why-did-you-update
/Users/celestehollenbeck/Research/js_files2//564,   5135, https://github.com/zeit/micro
/Users/celestehollenbeck/Research/js_files2//723,   5199,  https://github.com/patrickkunka/mixitup/
/Users/celestehollenbeck/Research/js_files2//316,   5211,  https://github.com/coryhouse/react-slingshot
/Users/celestehollenbeck/Research/js_files2//542,   5227, https://github.com/SBoudrias/Inquirer.js
/Users/celestehollenbeck/Research/js_files2//130,   5231, https://github.com/gruntjs/grunt.git
/Users/celestehollenbeck/Research/js_files2//12,   5237,  https://github.com/h5bp/html5-boilerplate.git
/Users/celestehollenbeck/Research/js_files2//702,   5264, https://github.com/markdown-it/markdown-it
/Users/celestehollenbeck/Research/js_files2//344,   5331,  https://github.com/nlp-compromise/compromise.git
/Users/celestehollenbeck/Research/js_files2//505,   5355,  https://github.com/mediaelement/mediaelement.git
/Users/celestehollenbeck/Research/js_files2//30,   5420, https://github.com/gulpjs/gulp
/Users/celestehollenbeck/Research/js_files2//121,   5434,  https://github.com/oneuijs/You-Dont-Need-jQuery.git
/Users/celestehollenbeck/Research/js_files2//273,   5479, https://github.com/MithrilJS/mithril.js
/Users/celestehollenbeck/Research/js_files2//834,   5500,  https://github.com/epeli/underscore.string.git
/Users/celestehollenbeck/Research/js_files2//783,   5510,  https://github.com/muicss/mui.git
/Users/celestehollenbeck/Research/js_files2//519,   5516,  https://github.com/typicode/lowdb.git
/Users/celestehollenbeck/Research/js_files2//637,   5622,  https://github.com/veltman/flubber.git
/Users/celestehollenbeck/Research/js_files2//660,   5716,  https://github.com/dthree/vorpal.git
/Users/celestehollenbeck/Research/js_files2//725,   5752,  https://github.com/butterproject/butter-desktop.git
/Users/celestehollenbeck/Research/js_files2//196,   5778,  https://github.com/paularmstrong/normalizr.git
/Users/celestehollenbeck/Research/js_files2//695,   5920,  https://github.com/wilsonpage/fastdom.git
/Users/celestehollenbeck/Research/js_files2//138,   5932,  https://github.com/janl/mustache.js.git
/Users/celestehollenbeck/Research/js_files2//21,   5962,  https://github.com/impress/impress.js.git
/Users/celestehollenbeck/Research/js_files2//337,   5986,  https://github.com/react-toolbox/react-toolbox.git
/Users/celestehollenbeck/Research/js_files2//800,   6100,  https://github.com/cytoscape/cytoscape.js.git
/Users/celestehollenbeck/Research/js_files2//480,   6174,  https://github.com/mgechev/javascript-algorithms
/Users/celestehollenbeck/Research/js_files2//256,   6216,  https://github.com/mgonto/restangular.git
/Users/celestehollenbeck/Research/js_files2//32,   6366,  https://github.com/jashkenas/backbone.git
/Users/celestehollenbeck/Research/js_files2//589,   6475,  https://github.com/cazala/synaptic.git
/Users/celestehollenbeck/Research/js_files2//348,   6545,  https://github.com/HPNeo/gmaps
/Users/celestehollenbeck/Research/js_files2//635,   6736,  https://github.com/TalAter/annyang.git
/Users/celestehollenbeck/Research/js_files2//68,   6868,  https://github.com/t4t5/sweetalert
/Users/celestehollenbeck/Research/js_files2//722,   6869,  https://github.com/mohebifar/lebab
/Users/celestehollenbeck/Research/js_files2//804,   6934,  https://github.com/rt2zz/redux-persist.git
/Users/celestehollenbeck/Research/js_files2//246,   7077,  https://github.com/chmln/flatpickr.git
/Users/celestehollenbeck/Research/js_files2//617,   7240,  https://github.com/krakenjs/kraken-js.git
/Users/celestehollenbeck/Research/js_files2//270,   7539,  https://github.com/Netflix/falcor.git
/Users/celestehollenbeck/Research/js_files2//310,   7698,  https://github.com/nosir/cleave.js.git
/Users/celestehollenbeck/Research/js_files2//750,   7715,  https://github.com/webslides/webslides.git
/Users/celestehollenbeck/Research/js_files2//707,   7812,  https://github.com/faye/faye.git
/Users/celestehollenbeck/Research/js_files2//621,   7875,  https://github.com/badges/shields
/Users/celestehollenbeck/Research/js_files2//8,   8007,  https://github.com/facebook/react-native.git
/Users/celestehollenbeck/Research/js_files2//77,   8037,  https://github.com/ajaxorg/ace.git
/Users/celestehollenbeck/Research/js_files2//44,   8187,  https://github.com/jashkenas/underscore.git
/Users/celestehollenbeck/Research/js_files2//296,   8218,  https://github.com/relax/relax.git
/Users/celestehollenbeck/Research/js_files2//263,   8434,  https://github.com/guillaumepotier/Parsley.js.git
/Users/celestehollenbeck/Research/js_files2//826,   8566, https://github.com/facebook/mention-bot
/Users/celestehollenbeck/Research/js_files2//309,   8685,  https://github.com/erikras/redux-form
/Users/celestehollenbeck/Research/js_files2//470,   8874,  https://github.com/facebook/dataloader.git
/Users/celestehollenbeck/Research/js_files2//521,   8980,  https://github.com/sockjs/sockjs-client.git
/Users/celestehollenbeck/Research/js_files2//332,   9035,  https://github.com/louischatriot/nedb.git
/Users/celestehollenbeck/Research/js_files2//441,   9387,  https://github.com/Khan/tota11y.git
/Users/celestehollenbeck/Research/js_files2//492,   9458,  https://github.com/FormidableLabs/nodejs-dashboard.git
/Users/celestehollenbeck/Research/js_files2//720,   9561,  https://github.com/webtorrent/webtorrent-desktop.git
/Users/celestehollenbeck/Research/js_files2//888,   9702,  https://github.com/TooTallNate/gnode.git
/Users/celestehollenbeck/Research/js_files2//669,   9767,  https://github.com/jdorn/json-editor.git
/Users/celestehollenbeck/Research/js_files2//311,   10043,  https://github.com/feathersjs/feathers.git
/Users/celestehollenbeck/Research/js_files2//692,   10099,  https://github.com/gajus/react-css-modules
/Users/celestehollenbeck/Research/js_files2//513,   10241,  https://github.com/dvajs/dva
/Users/celestehollenbeck/Research/js_files2//216,   10553, https://github.com/swagger-api/swagger-ui.git
/Users/celestehollenbeck/Research/js_files2//507,   10601, https://github.com/fontello/fontello
/Users/celestehollenbeck/Research/js_files2//199,   10604,  https://github.com/davezuko/react-redux-starter-kit.git
/Users/celestehollenbeck/Research/js_files2//561,   10679,  https://github.com/formidablelabs/victory.git
/Users/celestehollenbeck/Research/js_files2//343,   10692,  https://github.com/twitter/twemoji.git
/Users/celestehollenbeck/Research/js_files2//242,   10715,  https://github.com/chriso/validator.js.git
/Users/celestehollenbeck/Research/js_files2//632,   11203, https://github.com/WhitestormJS/whitestorm.js
/Users/celestehollenbeck/Research/js_files2//141,   11527,  https://github.com/yabwe/medium-editor
/Users/celestehollenbeck/Research/js_files2//880,   11548,  https://github.com/jscs-dev/grunt-jscs.git
/Users/celestehollenbeck/Research/js_files2//442,   11881,  https://github.com/airbnb/hypernova.git
/Users/celestehollenbeck/Research/js_files2//354,   12010,  https://git@github.com/dabit3/React-Native-Elements.git
/Users/celestehollenbeck/Research/js_files2//335,   12135,  https://github.com/js-cookie/js-cookie.git
/Users/celestehollenbeck/Research/js_files2//396,   12182,  https://github.com/Khan/KaTeX.git
/Users/celestehollenbeck/Research/js_files2//730,   12289, https://github.com/camwiegert/in-view
/Users/celestehollenbeck/Research/js_files2//829,   12362,  https://github.com/Stuk/jszip.git
/Users/celestehollenbeck/Research/js_files2//533,   12595,  https://github.com/bramp/js-sequence-diagrams.git
/Users/celestehollenbeck/Research/js_files2//129,   12723,  https://github.com/jiahaog/nativefier.git
/Users/celestehollenbeck/Research/js_files2//380,   13124,  https://github.com/typicode/hotel.git
/Users/celestehollenbeck/Research/js_files2//432,   13212,  https://github.com/Khan/aphrodite.git
/Users/celestehollenbeck/Research/js_files2//416,   13227,  https://github.com/techfort/LokiJS.git
/Users/celestehollenbeck/Research/js_files2//6,   13352,  https://github.com/airbnb/javascript.git
/Users/celestehollenbeck/Research/js_files2//53,   13680,  https://github.com/Leaflet/Leaflet.git
/Users/celestehollenbeck/Research/js_files2//88,   13758,  https://github.com/quilljs/quill
/Users/celestehollenbeck/Research/js_files2//98,   13926,  https://github.com/kriskowal/q.git
/Users/celestehollenbeck/Research/js_files2//373,   14149, https://github.com/reactjs/react-router-redux
/Users/celestehollenbeck/Research/js_files2//142,   14260,  https://github.com/infernojs/inferno.git
/Users/celestehollenbeck/Research/js_files2//700,   15055,  https://github.com/casesandberg/react-color.git
/Users/celestehollenbeck/Research/js_files2//318,   15129,  https://github.com/marionettejs/backbone.marionette.git
/Users/celestehollenbeck/Research/js_files2//779,   15145,  https://github.com/jspm/jspm.git
/Users/celestehollenbeck/Research/js_files2//267,   15197,  https://github.com/jquery-validation/jquery-validation.git
/Users/celestehollenbeck/Research/js_files2//630,   15203,  https://github.com/angular-translate/angular-translate
/Users/celestehollenbeck/Research/js_files2//753,   15251,  https://github.com/clappr/clappr.git
/Users/celestehollenbeck/Research/js_files2//14,   15566,  https://github.com/hakimel/reveal.js.git
/Users/celestehollenbeck/Research/js_files2//811,   15895,  https://github.com/yargs/yargs.git
/Users/celestehollenbeck/Research/js_files2//255,   15925,  https://github.com/winstonjs/winston.git
/Users/celestehollenbeck/Research/js_files2//696,   16875,  https://github.com/Strider-CD/strider.git
/Users/celestehollenbeck/Research/js_files2//225,   16928,  https://github.com/AngularClass/angular-starter.git
/Users/celestehollenbeck/Research/js_files2//206,   17261,  https://github.com/redux-saga/redux-saga.git
/Users/celestehollenbeck/Research/js_files2//686,   17330,  https://github.com/jantimon/html-webpack-plugin.git
/Users/celestehollenbeck/Research/js_files2//20,   17880,  https://github.com/moment/moment.git
/Users/celestehollenbeck/Research/js_files2//458,   18298,  https://github.com/cujojs/when
/Users/celestehollenbeck/Research/js_files2//86,   18473,  https://github.com/react-boilerplate/react-boilerplate.git
/Users/celestehollenbeck/Research/js_files2//382,   18739,  https://github.com/vuejs/vue-cli.git
/Users/celestehollenbeck/Research/js_files2//114,   19008,  https://github.com/developit/preact.git
/Users/celestehollenbeck/Research/js_files2//266,   19034,  https://github.com/rwaldron/johnny-five.git
/Users/celestehollenbeck/Research/js_files2//0,   19694, https://github.com/freecodecamp/freecodecamp
/Users/celestehollenbeck/Research/js_files2//691,   20162,  https://github.com/jakesgordon/javascript-state-machine.git
/Users/celestehollenbeck/Research/js_files2//677,   20169,  https://github.com/substack/tape.git
/Users/celestehollenbeck/Research/js_files2//598,   20175,  https://github.com/sinonjs/sinon.git
/Users/celestehollenbeck/Research/js_files2//100,   20212, https://github.com/postcss/autoprefixer
/Users/celestehollenbeck/Research/js_files2//565,   20274,  https://github.com/Automattic/socket.io-client.git
/Users/celestehollenbeck/Research/js_files2//807,   20505,  https://github.com/uber/deck.gl.git
/Users/celestehollenbeck/Research/js_files2//41,   21118,  https://github.com/caolan/async.git
/Users/celestehollenbeck/Research/js_files2//619,   21275,  https://github.com/dtao/lazy.js.git
/Users/celestehollenbeck/Research/js_files2//284,   21427,  https://github.com/graphql/graphql-js.git
/Users/celestehollenbeck/Research/js_files2//428,   21553,  https://github.com/redux-observable/redux-observable.git
/Users/celestehollenbeck/Research/js_files2//752,   23410,  https://github.com/graphql/graphiql.git
/Users/celestehollenbeck/Research/js_files2//386,   24858,  https://github.com/amark/gun.git
/Users/celestehollenbeck/Research/js_files2//726,   25229,  https://github.com/fraywing/textAngular.git
/Users/celestehollenbeck/Research/js_files2//66,   25802,  https://github.com/hammerjs/hammer.js.git
/Users/celestehollenbeck/Research/js_files2//125,   25958,  https://github.com/etsy/statsd.git
/Users/celestehollenbeck/Research/js_files2//166,   26136, https://github.com/rollup/rollup
/Users/celestehollenbeck/Research/js_files2//151,   26441,  https://github.com/react-bootstrap/react-bootstrap
/Users/celestehollenbeck/Research/js_files2//827,   26751,  https://github.com/andyet/SimpleWebRTC.git
/Users/celestehollenbeck/Research/js_files2//174,   28066,  https://github.com/foreverjs/forever.git
/Users/celestehollenbeck/Research/js_files2//78,   28535,  https://github.com/pixijs/pixi.js.git
/Users/celestehollenbeck/Research/js_files2//90,   28541,  https://github.com/angular-ui/bootstrap.git
/Users/celestehollenbeck/Research/js_files2//390,   28581,  https://github.com/react-dnd/react-dnd.git
/Users/celestehollenbeck/Research/js_files2//36,   29520,  https://github.com/typicode/json-server.git
/Users/celestehollenbeck/Research/js_files2//117,   30470,  https://github.com/codemirror/CodeMirror.git
/Users/celestehollenbeck/Research/js_files2//26,   31474,  https://github.com/Dogfalo/materialize.git
/Users/celestehollenbeck/Research/js_files2//170,   33942,  https://github.com/selectize/selectize.js.git
/Users/celestehollenbeck/Research/js_files2//229,   34473,  https://github.com/tj/commander.js.git
/Users/celestehollenbeck/Research/js_files2//654,   35907,  https://github.com/zhukov/webogram.git
/Users/celestehollenbeck/Research/js_files2//540,   37415,  https://github.com/airbnb/react-dates.git
/Users/celestehollenbeck/Research/js_files2//760,   38056,  https://github.com/BoostIO/Boostnote.git
/Users/celestehollenbeck/Research/js_files2//684,   41652,  https://github.com/zloirock/core-js.git
/Users/celestehollenbeck/Research/js_files2//748,   42914,  https://github.com/Jam3/devtool.git
/Users/celestehollenbeck/Research/js_files2//814,   43361, https://github.com/spine/spine
/Users/celestehollenbeck/Research/js_files2//67,   44723,  https://github.com/request/request.git
/Users/celestehollenbeck/Research/js_files2//323,   44800,  https://github.com/SheetJS/js-xlsx.git
/Users/celestehollenbeck/Research/js_files2//759,   45849,  https://github.com/isaacs/node-glob.git
/Users/celestehollenbeck/Research/js_files2//552,   46053,  https://github.com/koenbok/Framer.git
/Users/celestehollenbeck/Research/js_files2//9,   46121,  https://github.com/jquery/jquery.git
/Users/celestehollenbeck/Research/js_files2//300,   47092,  https://github.com/google/traceur-compiler
/Users/celestehollenbeck/Research/js_files2//651,   47170,  https://github.com/jimhigson/oboe.js.git
/Users/celestehollenbeck/Research/js_files2//742,   49444,  https://github.com/CodeboxIDE/codebox.git
/Users/celestehollenbeck/Research/js_files2//262,   50337, https://github.com/sindresorhus/pageres
/Users/celestehollenbeck/Research/js_files2//62,   53057,  https://github.com/videojs/video.js.git
/Users/celestehollenbeck/Research/js_files2//566,   54786,  https://github.com/node-red/node-red.git
/Users/celestehollenbeck/Research/js_files2//320,   55362,  https://github.com/mishoo/UglifyJS2.git
/Users/celestehollenbeck/Research/js_files2//706,   57056,  https://github.com/sweet-js/sweet.js.git
/Users/celestehollenbeck/Research/js_files2//575,   57583,  https://github.com/facebook/react-vr.git
/Users/celestehollenbeck/Research/js_files2//833,   61848,  https://github.com/node-apn/node-apn.git
/Users/celestehollenbeck/Research/js_files2//594,   62174,  https://github.com/assaf/zombie
/Users/celestehollenbeck/Research/js_files2//625,   64350,  https://github.com/oliver-moran/jimp.git
/Users/celestehollenbeck/Research/js_files2//132,   65859,  https://github.com/substack/node-browserify.git
/Users/celestehollenbeck/Research/js_files2//381,   68315,  https://github.com/shelljs/shelljs.git
/Users/celestehollenbeck/Research/js_files2//64,   70841,  https://github.com/Reactive-Extensions/RxJS.git
/Users/celestehollenbeck/Research/js_files2//325,   70933,  https://github.com/c3js/c3.git
/Users/celestehollenbeck/Research/js_files2//609,   84896,  https://github.com/LeaVerou/prism.git
/Users/celestehollenbeck/Research/js_files2//5,   102343,  https://github.com/vuejs/vue.git
/Users/celestehollenbeck/Research/js_files2//176,   107166, https://github.com/mysqljs/mysql
/Users/celestehollenbeck/Research/js_files2//705,   110220,  https://github.com/Semantic-Org/Semantic-UI-React.git
/Users/celestehollenbeck/Research/js_files2//169,   114422,  https://github.com/jquery/jquery-ui.git
/Users/celestehollenbeck/Research/js_files2//179,   115969, https://github.com/GoogleChrome/puppeteer
/Users/celestehollenbeck/Research/js_files2//329,   117940,  https://github.com/fullcalendar/fullcalendar.git
/Users/celestehollenbeck/Research/js_files2//287,   121296,  https://github.com/nodejitsu/node-http-proxy.git
/Users/celestehollenbeck/Research/js_files2//96,   155824,  https://github.com/ParsePlatform/parse-server
/Users/celestehollenbeck/Research/js_files2//69,   165260, https://github.com/zeit/next.js
/Users/celestehollenbeck/Research/js_files2//369,   175983,  https://github.com/gotwarlost/istanbul.git
/Users/celestehollenbeck/Research/js_files2//103,   262558,  https://github.com/segmentio/nightmare.git
/Users/celestehollenbeck/Research/js_files2//237,   379210,  https://github.com/handsontable/handsontable.git
/Users/celestehollenbeck/Research/js_files2//271,   518746,  https://github.com/hacksalot/HackMyResume.git
